,nome,genero,presenca_plenario,ausencia_plenario,ausencia_justificada_plenario,presenca_comissao,ausencia_comissao,ausencia_justificada_comissao,data_nascimento,gasto_total_par,gasto_jan_par,gasto_fev_par,gasto_mar_par,gasto_abr_par,gasto_maio_par,gasto_junho_par,gasto_jul_par,gasto_agosto_par,gasto_set_par,gasto_out_par,gasto_nov_par,gasto_dez_par,gasto_total_gab,gasto_jan_gab,gasto_fev_gab,gasto_mar_gab,gasto_abr_gab,gasto_maio_gab,gasto_junho_gab,gasto_jul_gab,gasto_agosto_gab,gasto_set_gab,gasto_out_gab,gasto_nov_gab,gasto_dez_gab,salario_bruto
1,JOSE ABILIO SILVA DE SANTANA,M,74,0,0,14,0,10,13/02/1965,"247.344,95","33.227,00","39.252,23","40.431,29","42.361,77","47.223,74","35.504,89","9.344,03",,,,"0,00",,"1.108.321,75","111.465,40","110.533,22","110.100,41","110.786,04","110.880,16","111.233,47","110.081,76","111.544,21","110.215,80","111.481,28",,,"33.763,00"
2,AFONSO ANTUNES DA MOTTA,M,90,0,2,33,10,16,08/01/1950,"369.824,33","32.139,72","33.987,87","68.366,38","63.600,42","35.921,80","29.311,40","34.287,44","24.321,70","17.123,36","28.380,57","2.383,67",,"1.032.442,88","104.034,98","104.034,98","103.913,86","100.280,23","99.498,32","99.974,51","104.249,61","105.630,26","105.630,26","105.195,87",,,"33.763,00"
3,ADRIANO ANTÔNIO AVELAR,M,84,7,1,9,0,0,06/09/1969,"240.672,02","26.827,37","31.162,48","34.102,08","32.659,20","43.822,18","18.733,88","26.482,48","14.069,31","6.697,41","6.115,63","0,00",,"1.091.517,67","109.773,26","106.916,25","106.916,25","107.440,95","110.064,42","109.807,22","110.492,94","109.977,54","110.064,42","110.064,42",,,"33.763,00"
4,AFONSO BANDEIRA FLORENCE,M,79,13,0,7,2,15,15/10/1960,"326.342,20","49.117,18","40.471,77","63.232,46","51.564,67","16.600,90","32.319,33","21.335,62","19.915,04","12.458,57","19.326,66","0,00",,"1.113.757,81","111.448,69","111.580,78","111.503,72","111.580,81","111.279,06","111.350,26","110.053,76","111.653,57","111.653,58","111.653,58",,,"33.763,00"
5,ACÁCIO DA SILVA FAVACHO NETO,M,62,30,0,7,10,13,28/09/1983,"374.453,68","55.593,56","68.164,59","36.043,19","33.949,34","34.152,00","31.013,23","28.767,50","36.398,45","24.232,90","26.138,92","0,00",,"1.102.803,66","111.580,74","110.219,17","111.580,74","111.580,74","111.616,38","111.344,83","104.998,59","107.400,25","111.241,11","111.241,11",,,"33.763,00"
6,ADOLFO VIANA DE CASTRO NETO,M,74,18,0,3,0,2,02/02/1981,"325.687,23","52.708,80","40.019,47","45.679,91","28.915,46","51.013,39","21.158,76","53.593,14","17.135,90","6.189,67","9.272,73","0,00",,"1.038.693,82","99.324,67","102.260,18","104.117,05","105.126,72","105.126,72","104.072,48","102.746,18","105.126,72","105.126,72","105.666,38",,,"33.763,00"
7,PAULO SERGIO ABOU ANNI,M,87,3,2,22,1,13,06/11/1966,"302.280,85","27.405,24","16.072,33","68.763,27","67.772,79","75.533,07","13.287,62","13.475,02","2.147,73","3.052,73","13.667,56","1.103,49",,"1.106.081,53","110.146,28","109.221,14","108.215,19","111.647,46","111.647,46","111.647,46","111.520,66","110.906,26","111.574,67","109.554,95",,,"33.763,00"
8,JOSÉ ALFONSO EBERT HAMM,M,82,9,1,23,4,15,25/04/1962,"360.946,22","26.704,69","38.280,59","55.051,73","63.625,31","51.839,35","42.409,07","42.196,47","28.571,50","8.175,08","2.806,25","1.286,18",,"1.113.027,42","111.586,80","111.586,80","111.586,80","109.249,43","111.405,22","111.659,59","111.016,81","111.616,75","111.659,61","111.659,61",,,"33.763,00"
9,ANTONIO JOSE AGUIAR ALBUQUERQUE,M,77,8,7,8,4,8,26/09/1983,"291.592,63","20.904,41","48.923,15","29.493,45","50.213,67","61.247,64","8.046,24","21.729,25","18.453,95","10.715,78","21.287,81","577,28",,"1.070.478,23","111.386,57","111.386,57","111.386,57","111.127,78","111.422,99","111.217,97","109.372,75","91.130,31","101.450,80","100.595,92",,,"33.763,00"
10,ALESSANDRO LUCCIOLA MOLON,M,91,0,1,12,0,28,28/10/1971,"264.688,99","31.570,48","30.384,44","50.567,81","42.126,95","31.402,04","27.611,34","29.589,18","10.440,68","857,51","10.138,56","0,00",,"1.030.438,74","101.372,00","101.372,00","101.372,00","101.372,00","106.377,09","105.013,12","107.668,34","104.046,06","98.184,61","103.661,52",,,"33.763,00"
11,ALCEU MOREIRA DA SILVA,M,79,10,3,25,6,4,04/06/1954,"336.538,90","33.409,67","47.543,73","66.396,79","41.576,56","28.880,58","28.442,87","24.547,55","21.775,28","18.521,58","23.710,83","1.733,46",,"1.099.097,84","111.429,24","111.429,24","111.389,34","109.930,00","111.580,90","111.595,06","111.376,03","111.097,00","104.210,91","105.060,12",,,"33.763,00"
12,ALCIDES RODRIGUES FILHO,M,88,0,4,51,0,9,08/10/1950,"353.296,43","8.890,42","41.162,85","42.491,68","43.132,46","49.169,45","47.869,00","38.484,01","34.961,71","43.557,10","2.541,76","1.035,99",,"1.070.565,32","97.480,30","101.596,46","101.596,46","103.343,42","109.370,27","111.049,41","111.532,25","111.532,25","111.532,25","111.532,25",,,"33.763,00"
13,ALAN RICK MIRANDA,M,68,4,3,25,4,6,23/10/1976,"260.266,82","25.341,00","49.605,50","42.101,87","52.911,63","58.520,65","22.071,70","9.714,47",,,,"0,00",,"1.078.268,62","101.892,42","102.534,86","102.426,62","104.157,16","111.523,01","109.314,55","111.605,00","111.605,00","111.605,00","111.605,00",,,"33.763,00"
14,AIRTON LUIZ FALEIRO,M,80,2,10,39,1,34,16/03/1959,"322.175,70","35.394,75","15.750,75","52.334,70","69.448,32","59.994,95","30.701,91","23.743,07","13.560,75","10.000,01","11.246,49","0,00",,"1.106.094,83","110.495,06","109.093,86","108.711,72","110.056,29","111.289,65","111.289,65","111.289,65","111.289,65","111.289,65","111.289,65",,,"33.763,00"
15,ALENCAR SANTANA BRAGA,M,80,12,0,22,1,0,14/03/1976,"278.800,02","34.345,52","35.493,58","35.440,42","38.514,90","38.770,46","18.197,70","26.020,76","6.807,71","1.491,64","43.114,24","603,09",,"1.110.423,93","111.647,56","108.748,11","110.276,93","111.574,82","111.574,82","111.574,82","111.574,82","110.900,35","111.538,44","111.013,26",,,"33.763,00"
16,AGUINALDO VELLOSO BORGES RIBEIRO,M,69,5,1,14,3,10,13/02/1969,"240.198,29","15.195,95","42.563,48","38.064,38","47.346,47","40.346,90","35.149,41","21.531,70",,,,"0,00",,"1.111.197,30","111.119,73","111.119,73","111.119,73","111.119,73","111.119,73","111.119,73","111.119,73","111.119,73","111.119,73","111.119,73",,,"33.763,00"
17,ALEX SPINELLI MANENTE,M,89,3,0,4,1,4,22/08/1979,"138.846,27","15.300,72","26.359,99","26.151,48","23.508,22","16.355,44","10.874,70","4.235,82","9.077,31","5,81","6.976,78","0,00",,"1.112.704,43","111.198,59","111.198,59","111.198,59","110.898,74","111.423,01","111.461,43","110.601,41","111.574,69","111.574,69","111.574,69",,,"33.763,00"
18,ALEX MARCO SANTANA SOUSA,M,79,8,5,11,5,10,22/06/1972,"351.477,62","36.828,58","40.726,95","45.254,75","45.428,67","30.562,91","32.839,29","36.321,00","33.993,98","23.336,07","26.043,82","141,60",,"1.112.649,83","110.321,85","111.060,20","110.244,74","111.574,72","111.574,72","111.574,72","111.574,72","111.574,72","111.574,72","111.574,72",,,"33.763,00"
19,ALEXANDRE FROTA DE ANDRADE,M,57,33,2,7,5,0,14/10/1963,"386.296,69","47.863,87","40.252,01","44.806,14","24.966,69","42.290,53","37.104,55","24.453,51","44.820,06","21.506,06","35.041,99","23.191,28",,"1.086.843,56","107.991,60","111.429,16","109.887,26","108.754,73","110.016,99","107.515,45","106.646,50","110.875,93","109.669,60","104.056,34",,,"33.763,00"
20,ALEXANDRE LEITE DA SILVA,M,87,5,0,56,0,8,18/04/1989,"349.284,05","36.267,67","43.626,71","33.452,69","51.312,23","48.150,79","46.525,13","23.552,93","23.766,20","20.428,05","22.201,65","0,00",,"947.897,17","93.571,49","93.571,49","93.571,49","94.428,17","94.899,88","94.899,88","96.331,01","98.874,32","93.874,72","93.874,72",,,"33.763,00"
21,ALEXANDRE ROCHA SANTOS PADILHA,M,90,1,1,87,6,27,14/09/1971,"291.230,47","28.905,73","34.326,01","51.157,02","37.221,27","45.106,22","23.223,65","21.479,04","9.118,10","10.932,37","29.600,66","160,40",,"1.114.786,73","111.641,51","111.641,51","111.641,51","111.641,51","111.641,51","111.641,51","110.013,14","111.641,51","111.641,51","111.641,51",,,"33.763,00"
22,FERNANDO BEZERRA DE SOUZA COELHO FILHO,M,81,5,6,6,4,39,28/02/1984,"289.091,64","32.904,38","35.321,53","50.966,51","42.640,35","22.991,65","38.141,86","34.943,44","7.902,03","1.571,47","20.930,42","778,00",,"1.087.816,23","106.461,21","106.461,21","106.461,21","106.461,21","107.548,75","111.277,47","111.277,47","110.295,40","110.786,15","110.786,15",,,"33.763,00"
23,FILIPE BARROS BAPTISTA DE TOLEDO RIBEIRO,M,82,10,0,13,3,10,29/05/1991,"289.321,08","39.534,77","31.282,38","56.382,81","46.765,21","50.641,59","43.365,67","18.271,75","239,65","40,19","1.714,17","1.082,89",,"938.905,52","97.669,43","98.842,46","98.853,61","101.434,99","105.314,69","105.934,61","105.601,33","88.221,20","71.613,40","65.419,80",,,"33.763,00"
24,FLAVIANO FLÁVIO BAPTISTA DE MELO,M,82,10,0,3,0,1,17/11/1949,"438.870,21","34.282,68","37.155,36","51.227,13","29.713,90","79.405,70","25.480,53","38.048,40","39.592,10","54.822,12","29.142,29","20.000,00",,"1.104.480,65","107.904,83","107.983,89","111.367,03","111.659,62","111.659,62","111.659,62","111.659,62","110.227,30","110.179,56","110.179,56",,,"33.763,00"
25,FRANCO CARTAFINA GOMES,M,86,3,3,44,4,15,03/11/1986,"318.135,20","28.065,10","33.009,58","43.304,17","45.119,68","52.088,32","34.699,31","22.247,15","51.692,11","5.409,62","2.332,94","167,22",,"1.112.857,76","110.962,06","110.962,06","110.962,06","110.962,06","111.166,17","111.568,67","111.568,67","111.568,67","111.568,67","111.568,67",,,"33.763,00"
26,ANTONIO RIBEIRO,M,86,6,0,30,4,14,03/03/1944,"361.696,70","40.812,78","41.699,11","53.527,13","42.212,73","53.135,08","32.573,14","21.560,81","17.788,85","19.494,29","37.582,25","1.310,53",,"1.106.146,52","110.889,19","110.889,19","110.889,19","110.313,55","109.560,78","110.047,86","110.889,19","110.889,19","110.889,19","110.889,19",,,"33.763,00"
27,FRANCISCO RODRIGUES VALE JUNIOR,M,87,3,2,25,2,6,15/03/1969,"309.142,86","17.093,58","30.616,27","50.032,21","33.547,10","38.718,63","30.008,06","31.405,20","20.504,95","10.000,71","26.688,21","20.527,94",,"1.076.485,10","110.440,58","110.440,58","110.440,58","110.440,58","108.630,41","108.370,30","101.304,39","105.472,56","105.472,56","105.472,56",,,"33.763,00"
28,FLÁVIO RODRIGUES NOGUEIRA,M,91,1,0,39,0,4,27/02/1953,"395.772,41","38.329,27","41.835,51","39.604,13","37.048,37","42.494,03","47.068,00","42.082,62","36.727,61","36.484,39","34.098,48","0,00",,"1.106.884,69","110.937,69","110.937,69","111.074,66","110.962,76","111.467,18","111.544,27","111.544,27","111.544,27","111.544,27","105.327,63",,,"33.763,00"
29,FREDERICO BORGES DA COSTA,M,83,9,0,14,1,5,12/07/1977,"285.262,12","14.730,30","29.479,43","41.701,41","55.095,45","44.266,74","24.177,23","21.336,08","23.057,48","15.301,98","12.687,52","3.428,50",,"1.077.826,83","110.167,89","108.567,01","109.305,97","109.305,97","109.563,08","108.452,71","101.554,25","109.006,01","107.977,56","103.926,38",,,"33.763,00"
30,GENECIAS MATEUS NORONHA,M,58,31,3,0,0,0,13/03/1963,"182.956,80","6.912,14","17.143,52","35.003,95","26.327,99","19.477,71","14.497,11","13.104,39","10.260,84","26.907,04","13.322,11","0,00",,"1.012.113,82","92.989,03","98.109,44","100.534,90","101.430,22","99.984,28","106.905,63","103.040,08","103.040,08","103.040,08","103.040,08",,,"33.763,00"
31,ELIÉSER GIRÃO MONTEIRO FILHO,M,85,4,3,47,3,6,08/05/1955,"363.091,99","37.148,25","58.184,62","39.315,76","43.316,28","45.230,05","37.619,01","23.969,66","26.317,64","11.257,52","39.833,77","899,43",,"1.114.542,85","111.550,61","111.550,61","111.550,61","111.550,61","111.550,61","110.587,36","111.550,61","111.550,61","111.550,61","111.550,61",,,"33.763,00"
32,ROBERTO SEBASTIÃO PETERNELLI JUNIOR,M,89,0,3,132,0,21,06/08/1954,"219.516,20","17.011,69","44.800,56","44.569,19","22.660,96","25.933,02","28.500,81","13.743,54","9.053,72","5.578,56","7.617,80","46,35",,"730.045,66","67.824,41","70.484,71","70.484,71","74.499,52","79.446,76","86.394,48","95.109,95","76.397,80","54.701,66","54.701,66",,,"33.763,00"
33,EUGENIO JOSÉ ZULIANI,M,51,17,24,9,17,37,13/01/1976,"286.007,56","35.715,90","40.468,18","42.837,22","40.713,17","63.995,25","18.553,55","16.151,75","15.973,11","2.755,29","8.115,64","728,50",,"1.080.042,52","111.641,38","111.641,38","111.641,38","106.897,30","106.370,18","106.370,18","106.370,18","106.370,18","106.370,18","106.370,18",,,"33.763,00"
34,GILBERTO APARECIDO ABRAMO,M,85,2,5,19,1,6,06/08/1966,"276.601,65","18.146,52","22.003,33","27.404,71","34.209,75","32.718,06","23.558,03","15.039,80","18.280,76","12.603,88","12.846,34","59.790,47",,"1.077.796,52","106.564,34","106.564,34","107.092,65","108.384,08","108.384,08","108.384,08","107.270,71","108.384,08","108.384,08","108.384,08",,,"33.763,00"
35,GIOVANI CHERINI,M,86,3,3,40,3,13,23/06/1960,"419.082,83","35.135,42","42.357,46","49.953,41","49.975,70","53.766,31","54.876,19","39.994,44","42.715,35","21.531,51","27.017,18","1.759,86",,"1.114.323,38","111.574,70","111.574,70","111.574,70","111.574,70","111.574,70","110.520,47","111.205,28","111.574,71","111.574,71","111.574,71",,,"33.763,00"
36,ENIO JOSÉ VERRI,M,89,2,1,32,0,4,27/03/1961,"350.522,15","38.190,58","37.467,64","68.879,63","38.986,43","43.960,07","29.704,02","25.886,97","22.258,37","24.764,98","20.363,46","60,00",,"1.111.367,61","111.398,83","111.398,83","111.398,83","110.220,44","110.749,59","110.538,29","111.455,18","110.876,18","111.665,72","111.665,72",,,"33.763,00"
37,GIOVANI BATISTA FELTES,M,91,0,1,18,0,4,10/04/1957,"296.462,55","32.091,85","37.369,29","35.989,03","63.623,79","29.111,39","20.875,74","31.955,95","26.391,45","8.680,69","8.989,17","1.384,20",,"1.095.245,29","111.083,28","111.101,04","111.544,86","109.378,77","108.521,73","109.627,69","107.747,07","108.089,89","109.075,48","109.075,48",,,"33.763,00"
38,EMANUEL PINHEIRO DA SILVA PRIMO,M,70,3,19,11,1,7,05/01/1995,"260.989,20","18.918,90","40.897,04","43.529,50","29.158,03","34.158,66","52.895,35","15.688,43","14.630,60","825,90","6.028,96","4.257,83",,"1.067.534,67","108.820,92","109.941,35","111.435,25","111.435,25","110.245,56","109.803,54","108.192,76","97.773,24","100.583,45","99.303,35",,,"33.763,00"
39,EMIDIO ALVES MADEIRA JUNIOR,M,80,12,0,16,4,2,10/03/1967,"300.056,22","56.761,57","45.061,77","39.330,09","32.196,96","44.434,07","26.760,94","20.847,93","15.245,77","11.938,26","7.418,86","60,00",,"1.114.845,39","110.980,22","110.980,22","111.528,12","111.617,15","111.623,22","111.623,22","111.623,28","111.623,32","111.623,32","111.623,32",,,"33.763,00"
40,ENRICO VAN BLARCUM DE GRAAFF MISASI,M,87,0,5,43,0,21,06/08/1994,"323.053,98","24.947,21","28.095,55","42.425,59","43.740,70","54.222,55","37.817,19","41.206,87","22.642,88","16.871,36","11.025,61","58,47",,"1.106.991,70","111.586,88","111.302,18","110.816,09","106.788,80","110.974,20","110.159,38","111.013,37","111.312,77","111.544,46","111.493,57",,,"33.763,00"
41,EROS FERREIRA BIONDINI,M,88,4,0,33,1,14,20/05/1971,"281.611,85","22.401,97","30.438,97","33.405,69","31.526,03","36.712,77","29.487,20","35.290,07","20.709,20","17.992,30","21.750,88","1.896,77",,"836.020,40","90.223,04","90.223,04","86.035,27","78.682,22","79.786,71","78.922,44","78.922,44","79.682,04","86.771,60","86.771,60",,,"33.763,00"
42,EUCLYDES MARCOS PETTERSEN NETO,M,77,14,1,6,6,13,15/08/1984,"239.749,55","39.458,55","34.224,98","28.593,33","36.303,64","35.945,83","21.880,35","11.556,55","10.510,19","6.865,31","11.508,98","2.901,84",,"1.102.008,88","101.942,13","110.241,46","111.623,19","111.623,22","111.623,22","110.951,73","109.856,30","110.901,19","111.623,22","111.623,22",,,"33.763,00"
43,EXPEDITO GONCALVES FERREIRA NETTO,M,82,9,1,2,3,16,05/10/1988,"222.912,39","14.767,54","30.093,83","33.348,33","30.510,09","25.416,15","18.925,02","27.570,19","12.641,28","1.388,85","26.729,31","1.521,80",,"1.099.381,29","111.544,33","111.544,33","111.544,33","111.529,16","111.539,45","111.100,52","109.785,83","109.894,82","110.132,19","100.766,33",,,"33.763,00"
44,EVAIR VIEIRA DE MELO,M,87,3,2,67,1,4,02/04/1972,"316.638,70","38.264,38","46.197,13","62.458,72","38.441,09","43.315,06","24.394,91","23.069,95","14.844,44","2.615,55","22.921,21","116,26",,"1.096.962,77","106.904,01","110.527,26","107.201,84","107.178,21","108.042,26","111.172,72","111.328,33","111.555,88","111.526,13","111.526,13",,,"33.763,00"
45,FÁBIO AUGUSTO RAMALHO DOS SANTOS,M,88,0,4,19,0,17,22/12/1961,"289.106,94","37.959,25","46.993,70","34.431,36","27.698,63","36.101,94","23.280,97","25.058,29","19.706,66","17.071,96","19.557,03","1.247,15",,"1.073.082,80","106.849,52","105.995,76","104.102,48","110.337,36","103.699,99","104.762,87","104.762,87","110.775,07","111.665,77","110.131,11",,,"33.763,00"
46,FABIO DE ALMEIDA REIS,M,80,4,8,35,0,1,15/04/1977,"312.655,57","39.865,80","33.581,68","32.144,11","43.493,01","38.648,54","34.772,71","32.086,43","21.185,40","13.796,32","22.090,53","991,04",,"1.107.209,05","108.307,92","109.336,37","109.408,57","111.574,66","111.574,66","111.574,66","111.574,66","111.574,66","111.574,66","110.708,23",,,"33.763,00"
47,FELIPE RIGONI LOPES,M,86,6,0,84,7,32,13/06/1991,"314.203,45","41.526,20","38.040,74","37.743,41","40.781,58","54.439,33","34.092,96","18.297,10","23.638,57","9.243,23","14.963,23","1.437,10",,"961.510,10","97.934,05","100.493,35","100.959,56","100.959,56","104.522,55","89.598,50","80.482,02","93.565,41","93.565,41","99.429,69",,,"33.763,00"
48,FÁBIO LUIZ SCHIOCHET FILHO,M,85,3,4,20,2,5,31/05/1988,"376.844,53","37.195,31","41.648,60","42.043,11","46.815,31","43.700,43","50.091,13","31.304,74","25.939,12","21.593,26","32.923,73","3.589,79",,"1.114.119,12","111.568,63","111.568,63","111.568,63","111.568,63","111.568,63","111.544,55","111.526,14","111.107,56","111.107,56","110.990,16",,,"33.763,00"
49,FÁBIO RICARDO TRAD,M,90,1,1,88,0,3,18/08/1969,"152.333,76","9.479,45","21.339,35","11.214,78","41.034,10","25.209,13","12.053,32","5.465,70","14.089,48","2.400,90","10.011,50","36,05",,"1.112.229,14","111.501,88","111.501,88","111.501,88","111.324,76","111.501,88","111.501,88","111.501,88","111.501,88","110.217,75","110.173,47",,,"33.763,00"
50,FELIX DE ALMEIDA MENDONÇA JÚNIOR,M,86,6,0,30,8,16,29/11/1963,"324.962,29","30.256,20","36.235,51","35.264,16","42.584,56","50.388,49","23.719,29","43.121,12","20.178,34","14.497,37","26.697,48","2.019,77",,"1.093.456,69","111.574,69","111.574,69","111.574,69","111.574,69","111.574,69","99.983,33","107.556,02","108.772,32","109.170,84","110.100,73",,,"33.763,00"
51,LUIZ BENES LEOCADIO DE ARAUJO,M,88,3,1,35,2,6,22/04/1966,"352.784,66","32.697,33","37.181,80","51.640,86","47.232,83","43.851,34","39.594,20","33.482,93","21.709,18","17.997,68","27.006,51","390,00",,"1.070.001,74","110.203,77","110.203,77","106.658,99","104.203,11","106.527,95","105.841,47","105.921,33","105.964,18","107.249,74","107.227,43",,,"33.763,00"
52,JOSÉ ROBERTO OLIVEIRA FARO,M,82,0,10,5,0,17,20/06/1969,"348.358,45","50.640,64","51.528,80","53.130,42","38.245,47","56.264,93","15.343,49","16.815,59","14.152,72","12.879,36","11.197,03","28.160,00",,"1.107.132,60","111.210,84","110.666,21","109.899,05","111.210,84","111.210,84","110.568,67","110.434,02","111.210,84","111.210,84","109.510,45",,,"33.763,00"
53,HUMBERTO REZENDE PEREIRA,M,87,2,3,29,3,42,14/11/1977,"317.620,57","31.302,38","37.733,45","46.071,17","46.424,41","43.050,57","37.786,28","29.839,31","16.128,37","5.877,55","23.407,08","0,00",,"1.114.088,41","111.514,04","111.586,80","110.868,87","111.514,00","111.457,65","111.586,78","110.672,43","111.629,28","111.629,28","111.629,28",,,"33.763,00"
54,CARLOS ALBERTO DE SOUSA ROSADO SEGUNDO,M,77,13,2,18,9,7,01/02/1982,"417.583,23","38.508,13","49.871,28","49.026,92","51.520,30","44.584,40","32.245,60","35.040,79","36.239,48","26.275,26","54.271,07","0,00",,"1.114.457,24","111.436,53","111.580,74","111.495,03","111.145,61","111.498,95","111.507,99","111.507,99","111.485,68","111.392,71","111.406,01",,,"33.763,00"
55,ALCIBIO MESQUITA BIBO NUNES,M,90,2,0,33,2,21,09/01/1957,"442.619,00","36.377,50","114.136,35","111.815,04","46.216,96","43.243,88","31.393,94","31.363,41","21.004,27","5.421,62","1.646,03","0,00",,"978.080,61","107.838,27","106.661,35","107.626,01","107.100,08","108.678,71","110.863,76","102.938,79","80.792,43","71.989,13","73.592,08",,,"33.763,00"
56,OLAVO BILAC PINTO NETO,M,80,5,7,54,3,7,08/06/1963,"366.957,28","38.107,55","39.391,23","36.766,95","36.370,18","36.320,33","35.989,93","35.978,06","36.058,35","36.004,29","35.970,41","0,00",,"1.114.014,41","111.532,26","111.532,26","111.532,26","111.532,26","111.532,26","110.224,07","111.532,26","111.532,26","111.532,26","111.532,26",,,"33.763,00"
57,UBIRAJARA DO PINDARÉ ALMEIDA SOUSA,M,82,10,0,21,10,26,01/11/1968,"395.081,21","20.679,85","23.825,08","34.402,73","76.284,21","96.746,00","27.251,80","28.044,88","18.372,93","31.746,67","37.651,58","75,48",,"1.115.746,50","111.574,65","111.574,65","111.574,65","111.574,65","111.574,65","111.574,65","111.574,65","111.574,65","111.574,65","111.574,65",,,"33.763,00"
58,ELVINO JOSÉ BOHN GASS,M,90,2,0,24,0,15,05/02/1962,"362.192,59","30.693,35","43.896,78","51.772,61","63.215,02","45.029,72","40.093,42","35.113,72","22.679,14","13.260,28","15.328,65","1.109,90",,"1.113.456,25","111.641,36","111.557,99","111.508,13","111.641,38","111.641,38","110.811,40","111.604,98","111.604,98","111.604,98","109.839,67",,,"33.763,00"
59,NICOLINO BOZZELLA JUNIOR,M,83,8,1,42,5,9,17/08/1980,"331.580,49","31.567,57","39.636,09","43.735,10","36.718,08","40.304,87","30.143,90","40.029,84","26.482,22","25.062,37","16.682,72","1.217,73",,"1.108.661,55","111.623,09","111.642,57","107.512,59","110.707,93","111.134,28","111.357,59","110.509,90","111.392,57","111.392,57","111.388,46",,,"33.763,00"
60,ALBERTO BARROS CAVALCANTE NETO,M,88,2,2,66,1,3,05/05/1982,"268.303,10","10.761,97","32.144,12","50.784,42","59.974,73","36.167,69","18.635,29","18.846,91","9.376,93","3.645,06","27.765,98","200,00",,"1.108.460,75","111.524,06","108.183,95","109.814,87","109.505,49","111.520,15","111.370,71","111.635,38","111.635,38","111.635,38","111.635,38",,,"33.763,00"
61,JOSE AUGUSTO ROSA,M,85,3,4,29,2,39,04/10/1966,"303.764,68","32.590,99","32.708,93","42.982,94","38.181,18","46.093,18","19.473,47","21.678,43","15.614,72","14.321,17","37.541,05","2.578,62",,"1.109.989,13","111.659,59","110.586,80","107.796,83","111.659,59","111.659,59","111.659,59","110.759,70","110.888,26","111.659,59","111.659,59",,,"33.763,00"
62,WAGNER SOUSA GOMES,M,31,0,2,0,0,1,21/01/1979,"226.591,14","55.521,07","32.236,66","11.029,18",,,,"12.950,64","18.376,97","6.416,85","14.045,83","76.013,94",,"1.112.741,02","110.473,50","110.107,68","111.586,87","111.652,64","111.665,79","110.952,40","111.665,74","111.665,74","111.665,74","111.304,92",,,"33.763,00"
63,CARLOS ALBERTO CHIODINI,M,85,4,3,25,6,8,08/03/1982,"264.102,62","21.142,87","33.080,35","34.458,92","35.659,60","28.696,29","31.410,11","38.827,88","16.920,33","11.149,03","11.990,98","766,26",,"1.088.228,66","110.052,14","109.597,20","107.219,44","108.994,73","109.943,02","110.230,95","107.098,15","107.098,15","107.098,15","110.896,73",,,"33.763,00"
64,ANTONIO CARLOS GOMES DA SILVA,M,92,0,0,21,2,4,13/06/1972,"273.109,72","18.748,87","25.578,63","34.691,71","31.224,22","55.517,35","34.811,05","23.121,54","21.226,21","9.739,25","16.929,54","1.521,35",,"1.012.698,46","92.948,89","99.271,45","96.032,28","98.637,08","102.490,61","102.621,52","102.621,52","104.715,99","106.679,56","106.679,56",,,"33.763,00"
65,Carlos Roberto Coelho de Mattos Júnior,M,84,3,5,10,0,0,08/02/1982,"200.049,25","17.012,14","21.954,01","27.544,00","16.413,28","29.052,38","31.940,35","20.649,20","10.845,10","8.771,04","14.632,54","1.235,21",,"1.079.427,92","107.840,49","111.522,26","105.827,62","98.809,78","110.447,03","111.102,14","104.135,41","108.845,03","110.375,04","110.523,12",,,"33.763,00"
66,GUILHERME MURARO DERRITE,M,90,0,2,21,0,0,10/10/1984,"318.929,77","33.369,05","48.294,13","42.375,69","37.535,61","31.336,58","34.084,37","31.084,94","27.610,70","13.353,72","19.884,98","0,00",,"1.087.142,69","111.429,18","111.429,18","111.078,93","111.198,68","111.198,68","111.198,68","104.902,34","104.902,34","104.902,34","104.902,34",,,"33.763,00"
67,CARLOS GOMES BEZERRA,M,29,0,0,0,0,0,04/11/1941,"192.492,79","17.099,28","55.229,53","0,00",,,,"2.047,03","848,36","647,00","59.074,08","57.547,51",,"1.115.384,57","111.611,13","111.611,13","111.611,13","111.611,13","111.611,13","111.611,13","110.884,40","111.611,13","111.611,13","111.611,13",,,"33.763,00"
68,CARLOS HENRIQUE AMORIM,M,79,1,12,33,1,24,21/04/1961,"379.726,43","38.480,40","54.727,25","51.686,19","49.827,56","38.169,71","34.594,12","36.583,75","31.857,00","13.993,12","27.863,38","1.943,95",,"1.014.767,71","107.089,41","100.838,78","96.663,69","98.112,79","100.925,82","94.627,79","96.910,28","103.302,09","107.870,51","108.426,55",,,"33.763,00"
69,FABIO ABREU COSTA,M,90,1,1,56,0,9,31/12/1972,"415.287,33","27.176,43","43.044,36","37.886,06","54.828,28","65.451,97","38.676,13","33.219,21","38.283,53","44.917,64","30.801,48","1.002,24",,"1.112.307,70","111.501,54","111.425,25","109.950,47","110.995,45","111.125,87","111.505,00","111.580,82","111.580,83","111.580,83","111.061,64",,,"33.763,00"
70,AMARO ROCHA NASCIMENTO NETO,M,92,0,0,20,0,7,04/12/1976,"274.104,12","42.292,73","23.497,16","34.426,77","47.806,82","44.977,07","20.179,17","24.764,49","7.547,57","18.792,57","8.484,32","1.335,45",,"1.112.084,94","111.222,90","111.222,90","111.222,90","111.222,90","111.222,90","110.933,36","111.259,27","111.259,27","111.259,27","111.259,27",,,"33.763,00"
71,ANDRÉ PEIXOTO FIGUEIREDO LIMA,M,87,5,0,72,9,23,10/11/1966,"392.555,80","34.462,62","48.224,65","72.127,49","49.023,71","44.041,52","37.230,57","31.041,15","43.503,48","11.633,85","21.266,76","0,00",,"1.100.603,80","111.397,30","109.731,85","111.580,84","111.580,84","106.864,96","109.042,51","109.730,58","109.931,92","110.707,37","110.035,63",,,"33.763,00"
72,ANDRE DOS SANTOS ABDON,M,90,0,2,5,0,40,10/11/1970,"401.346,39","39.635,39","56.554,49","50.324,98","62.832,08","41.453,80","28.539,51","28.094,20","30.183,38","21.202,11","38.003,15","4.523,30",,"1.110.523,74","111.623,17","111.623,17","110.842,44","110.847,15","110.559,33","111.023,24","110.484,74","111.194,25","111.641,56","110.684,69",,,"33.763,00"
73,ALIEL MACHADO BARK,M,87,4,1,24,4,18,26/02/1989,"347.931,31","22.858,25","39.946,86","62.571,89","38.533,06","76.089,49","24.295,38","28.273,90","23.005,48","12.282,83","18.900,49","1.173,68",,"1.081.191,02","104.192,43","107.598,59","109.833,85","109.833,85","109.833,85","109.833,85","109.833,85","107.741,73","105.688,07","106.800,95",,,"33.763,00"
74,ALTINEU CÔRTES FREITAS COUTINHO,M,70,22,0,0,0,0,13/09/1968,"186.690,17","22.950,23","23.219,48","33.714,07","29.471,47","28.820,90","22.012,04","2.946,96","3.780,62","1.343,75","17.254,49","1.176,16",,"1.085.480,54","101.858,85","106.309,60","106.309,60","108.949,45","109.609,41","109.433,70","108.595,22","111.471,57","111.471,57","111.471,57",,,"33.763,00"
75,ALUISIO GUIMARAES MENDES FILHO,M,89,1,2,72,0,22,11/11/1961,"317.362,69","25.340,80","36.588,93","41.060,22","31.580,50","47.983,46","29.134,59","32.169,00","33.370,12","18.433,71","21.701,36","0,00",,"1.054.299,62","100.867,02","99.710,02","103.375,35","105.273,59","107.753,29","105.155,90","106.424,88","107.753,29","108.904,58","109.081,70",,,"33.763,00"
76,ANDRE LUIZ CARVALHO RIBEIRO,M,63,29,0,2,1,8,27/08/1989,"293.299,00","24.003,48","26.127,61","39.048,96","35.638,26","42.647,02","37.783,22","29.531,60","32.503,83","19.736,89","6.278,13","0,00",,"1.108.487,53","111.010,61","111.270,57","111.617,19","111.617,19","111.617,19","110.019,66","106.829,30","111.501,94","111.501,94","111.501,94",,,"33.763,00"
77,JOSE AROLDO SOUZA MARTINS,M,82,7,3,11,3,9,03/07/1961,"300.060,22","31.512,26","37.662,65","36.689,17","28.982,93","39.208,71","34.863,74","19.929,95","17.257,74","27.042,72","26.910,35","0,00",,"1.108.830,41","111.647,50","111.647,50","110.268,42","111.611,13","111.611,13","110.803,16","107.763,81","110.182,72","111.647,52","111.647,52",,,"33.763,00"
78,ARTHUR CÉSAR PEREIRA DE LIRA,M,74,18,0,0,0,0,25/06/1969,"185.141,73","16.589,40","24.456,70","24.580,67","25.462,74","25.368,31","17.145,09","10.852,76","12.044,58","18.813,51","9.538,87","289,10",,"1.114.717,20","111.471,72","111.471,72","111.471,72","111.471,72","111.471,72","111.471,72","111.471,72","111.471,72","111.471,72","111.471,72",,,"33.763,00"
79,ARTHUR DE OLIVEIRA MAIA DA SILVA,M,76,6,10,28,3,4,17/08/1964,"380.129,11","37.726,35","40.284,32","38.045,65","42.004,01","39.008,65","42.234,93","39.329,37","39.706,79","28.272,13","26.618,30","6.898,61",,"1.068.263,22","104.391,37","106.164,17","109.590,30","109.514,20","110.873,08","108.274,74","108.274,74","106.502,35","102.202,45","102.475,82",,,"33.763,00"
80,ANDRE LUIS GASPAR JANONES,M,87,1,4,50,1,12,05/05/1984,"303.629,95","22.256,52","30.867,91","30.909,27","30.603,82","51.016,32","28.645,22","24.293,97","31.050,13","25.058,33","26.341,83","2.586,63",,"1.113.576,56","111.562,47","109.429,47","111.562,47","111.562,47","111.562,47","111.562,47","111.562,47","111.562,47","111.574,59","111.635,21",,,"33.763,00"
81,DANIEL TRZECIAK DUARTE,M,86,6,0,31,8,6,04/11/1986,"214.073,24","9.307,83","15.955,97","16.366,04","39.352,32","18.241,57","20.817,46","28.100,30","16.051,09","16.840,25","32.070,78","969,63",,"1.044.495,31","105.455,53","105.415,99","105.436,13","105.982,05","108.226,36","109.497,39","106.036,48","94.998,83","99.412,79","104.033,76",,,"33.763,00"
82,AUGUSTO RODRIGUES COUTINHO DE MELO,M,87,2,3,39,2,21,22/10/1962,"403.903,52","45.160,36","50.282,74","31.848,38","47.084,27","51.557,80","50.070,10","37.472,37","25.761,40","19.113,74","31.891,03","13.661,33",,"1.078.338,72","109.231,24","110.580,87","111.483,62","106.382,46","107.116,23","110.687,98","104.644,11","107.177,08","106.702,93","104.332,20",,,"33.763,00"
83,AUREO LIDIO MOREIRA RIBEIRO,M,87,1,4,44,0,1,17/02/1979,"246.132,57","13.290,11","19.340,29","37.320,85","34.360,09","77.355,81","25.856,64","21.729,25","2.536,72","3.653,20","10.644,37","45,24",,"1.093.262,21","109.256,70","110.855,41","110.114,53","105.572,72","110.342,51","109.761,58","109.008,81","108.623,14","109.008,81","110.718,00",,,"33.763,00"
84,DANIEL LUCIO DA SILVEIRA,M,89,1,2,87,1,58,25/11/1982,"307.400,84","35.637,58","37.560,86","37.098,84","37.913,96","39.709,62","33.297,09","28.745,65","27.784,42","13.563,62","14.939,77","1.149,43",,"1.050.905,67","104.730,18","106.558,15","108.774,14","109.706,94","105.193,39","103.433,49","86.143,80","107.120,36","107.862,35","111.382,87",,,"33.763,00"
85,DANIEL COSTA DE FREITAS,M,77,0,15,3,0,0,03/04/1982,"305.465,83","38.606,89","24.248,40","43.103,43","47.999,13","45.138,90","30.847,10","32.894,95","25.917,35","4.096,46","12.109,81","503,41",,"1.099.503,46","105.697,03","105.697,03","109.243,35","110.816,55","110.933,95","111.423,11","111.423,11","111.423,11","111.423,11","111.423,11",,,"33.763,00"
86,DANILO JORGE DE BARROS CABRAL,M,83,3,6,8,6,22,21/04/1967,"287.464,54","23.243,32","23.195,87","25.003,47","45.722,17","49.445,71","26.152,01","32.469,21","12.877,47","8.866,71","39.648,42","840,18",,"1.005.945,69","95.045,26","95.045,26","94.090,38","98.095,56","99.861,52","99.861,52","100.443,65","100.923,05","111.114,04","111.465,45",,,"33.763,00"
87,DAVID BEZERRA RIBEIRO SOARES,M,63,11,3,47,12,1,21/12/1973,"183.939,37",,,"31.858,14","35.507,14","29.111,16","37.770,69","23.083,39","13.606,57","7.900,18","4.802,08","300,02",,"1.068.591,77","103.135,91","105.402,63","105.964,51","99.800,43","107.637,25","108.516,33","107.977,68","108.297,02","111.277,52","110.582,49",,,"33.763,00"
88,EDER MAURO CARDOSO BARRA,M,79,3,10,4,0,12,14/12/1960,"325.195,22","46.351,28","56.697,20","17.871,34","52.514,33","52.104,65","51.446,49","39.019,70","6.514,58","2.675,65","0,00","0,00",,"1.101.131,44","111.587,65","111.029,67","109.774,54","111.611,12","111.611,12","111.168,32","110.779,91","107.856,37","107.856,37","107.856,37",,,"33.763,00"
89,MARCELO EDUARDO FREITAS,M,80,6,6,66,1,1,04/03/1976,"290.526,28","31.421,05","43.796,10","37.148,52","24.745,40","39.348,34","29.355,58","26.303,93","19.417,00","19.550,28","18.633,84","806,24",,"1.067.668,96","104.088,18","105.813,10","103.290,21","102.664,07","110.724,59","111.483,80","111.483,80","107.272,97","107.289,51","103.558,73",,,"33.763,00"
90,DARCI DE MATOS,M,80,2,10,55,3,9,08/11/1961,"269.534,87","27.456,09","37.612,31","41.962,71","38.942,67","42.279,75","18.366,03","26.329,15","14.161,38","1.290,05","20.268,72","866,01",,"1.112.429,82","111.593,97","111.623,31","111.579,26","111.659,67","111.659,67","110.174,35","110.543,76","111.508,04","111.508,04","110.579,75",,,"33.763,00"
91,ANTÔNIO DA LUZ FURTADO,M,90,1,1,73,6,19,06/01/1972,"288.816,41","34.263,89","43.088,49","42.959,20","32.920,98","47.359,21","16.303,12","19.852,22","12.243,23","8.092,66","27.244,72","4.488,69",,"1.115.182,54","110.967,56","111.125,87","111.617,20","111.617,20","111.617,20","111.623,07","111.653,61","111.653,61","111.653,61","111.653,61",,,"33.763,00"
92,PABLO OLIVA SOUZA,M,78,0,14,112,0,30,26/07/1976,"369.191,63","28.267,00","51.491,99","65.512,79","64.732,08","41.341,87","31.189,75","32.398,76","26.832,20","17.440,00","7.823,37","2.161,82",,"977.905,08","99.985,47","73.344,51","92.308,59","99.950,28","106.315,17","106.987,85","101.323,39","101.342,41","107.310,62","89.036,79",,,"33.763,00"
93,DIMAS FABIANO TOLEDO JÚNIOR,M,86,5,1,18,3,1,23/05/1973,"283.523,77","30.575,40","29.897,78","36.489,01","37.782,58","34.645,39","23.877,46","33.775,98","26.291,36","16.347,48","12.634,33","1.207,00",,"965.287,10","92.717,74","90.647,71","88.844,00","89.894,36","93.796,44","94.254,41","100.197,24","96.972,36","108.044,05","109.918,79",,,"33.763,00"
94,DOMINGOS GOMES DE AGUIAR NETO,M,79,6,7,30,6,25,29/04/1988,"346.157,45","33.731,48","52.313,10","36.169,17","53.317,93","77.719,59","22.751,47","19.502,64","3.346,59","2.837,01","44.468,47","0,00",,"1.105.842,15","111.544,43","111.544,43","110.497,19","107.599,23","111.235,68","111.617,24","111.617,24","111.617,24","111.617,24","106.952,23",,,"33.763,00"
95,DIEGO LEONARDO DE ANDRADE CARVALHO,M,70,22,0,7,11,9,08/08/1977,"217.838,28","28.386,47","32.013,45","32.859,73","17.554,55","41.393,91","15.224,17","22.079,82","8.663,35","11.458,92","8.203,91","0,00",,"1.109.625,13","111.580,82","111.580,82","111.580,82","111.580,82","111.580,82","111.535,53","111.241,15","110.635,35","109.154,50","109.154,50",,,"33.763,00"
96,DIEGO ALEXSANDER GONCALO PAULA GARCIA,M,89,3,0,134,3,43,10/10/1984,"263.861,19","9.153,29","13.917,88","34.960,78","39.069,90","47.847,45","36.301,69","32.663,59","20.367,53","6.819,55","16.986,39","5.773,14",,"916.158,19","93.054,98","91.310,31","97.522,54","98.459,58","96.593,67","96.173,37","99.859,25","84.300,62","79.772,64","79.111,23",,,"33.763,00"
97,DENIS ANDERSON DA ROCHA BEZERRA,M,88,1,3,70,1,9,17/03/1980,"400.260,91","46.094,78","53.674,69","52.475,51","52.185,85","40.861,85","33.475,40","24.901,37","18.145,39","17.544,23","44.329,57","16.572,27",,"1.078.559,49","110.743,73","108.800,92","108.144,99","106.767,55","106.327,19","107.307,01","102.136,31","107.474,82","111.617,19","109.239,78",,,"33.763,00"
98,WALDIR SOARES DE OLIVEIRA,M,86,6,0,7,5,44,28/11/1962,"149.309,65","14.119,59","16.610,96","17.642,50","17.254,73","17.514,69","15.282,52","15.088,53","12.955,79","10.015,33","11.921,51","903,50",,"987.728,92","101.978,63","99.618,58","96.319,60","92.534,14","92.534,14","94.998,88","101.543,63","103.436,75","102.749,57","102.015,00",,,"33.763,00"
99,LUIZ ANTONIO DE SOUZA TEIXEIRA JÚNIOR,M,67,0,25,14,0,22,15/12/1973,"266.546,32","27.501,17","33.784,37","41.465,77","43.233,68","38.833,58","24.163,31","23.117,56","18.685,19","10.202,91","5.508,98","49,80",,"1.074.387,81","97.653,62","97.653,62","108.819,42","110.434,31","110.434,31","110.434,31","110.434,31","110.413,15","111.647,44","106.463,32",,,"33.763,00"
100,JOSÉ CARLOS VERAS DOS SANTOS,M,89,3,0,42,8,33,10/08/1981,"346.470,48","23.450,32","50.658,26","61.233,10","37.074,81","65.132,56","29.707,30","34.668,74","24.844,59","5.992,91","12.474,14","1.233,75",,"1.062.773,43","102.271,86","100.443,89","100.443,89","105.043,78","108.026,51","106.855,41","109.678,36","109.831,56","109.119,16","111.059,01",,,"33.763,00"
101,CARLOS ALBERTO ROLIM ZARATTINI,M,86,2,4,20,1,19,08/06/1959,"297.688,94","27.151,54","32.367,11","64.118,33","25.278,01","55.777,06","28.292,59","25.051,27","14.054,68","10.433,06","13.858,47","1.306,82",,"1.115.444,20","111.544,42","111.544,42","111.544,42","111.544,42","111.544,42","111.544,42","111.544,42","111.544,42","111.544,42","111.544,42",,,"33.763,00"
102,CASSIO COELHO ANDRADE,M,70,22,0,36,15,25,12/09/1981,"307.608,33","21.728,53","32.899,83","26.323,38","50.683,51","58.046,30","36.031,58","14.449,73","9.264,77","3.863,84","54.316,86","0,00",,"1.114.161,17","111.653,55","111.594,40","111.574,68","111.574,68","111.574,68","111.574,67","110.238,62","111.444,93","111.465,48","111.465,48",,,"33.763,00"
103,DOMINGOS SÁVIO CAMPOS RESENDE,M,87,3,2,29,1,6,25/03/1957,"311.182,97","24.341,19","52.616,35","44.927,02","32.735,37","48.074,76","26.928,66","27.300,43","24.815,98","18.843,40","9.599,00","1.000,81",,"1.108.990,28","109.833,82","109.833,82","111.183,95","111.653,56","110.747,01","110.990,37","111.313,88","110.806,11","111.313,88","111.313,88",,,"33.763,00"
104,FRANCISCO JOSÉ D'ANGELO PINTO,M,83,3,6,31,2,34,11/02/1953,"284.234,89","31.896,36","27.273,29","30.877,95","43.620,43","41.207,47","32.636,24","30.772,24","20.679,40","17.903,83","6.817,68","550,00",,"1.113.229,62","111.574,71","111.574,71","110.060,41","111.423,07","111.423,07","111.423,07","111.423,07","111.423,07","111.423,07","111.481,37",,,"33.763,00"
105,CELIO STUDART BARBOSA,M,80,3,9,16,3,16,19/06/1987,"334.771,25","42.405,28","77.088,77","34.915,78","50.390,81","46.271,91","22.564,85","25.601,39","14.660,40","4.343,55","16.378,51","150,00",,"1.098.247,56","111.276,50","111.198,61","111.550,82","111.653,55","111.653,55","107.237,22","111.313,87","108.312,84","107.025,30","107.025,30",,,"33.763,00"
106,CELSO MALDANER,M,82,5,5,22,2,1,30/08/1953,"369.913,72","24.680,20","30.121,77","43.359,15","32.327,41","41.007,63","27.013,34","28.086,87","25.892,83","22.602,17","51.620,99","43.201,36",,"1.104.561,40","111.010,67","111.140,65","111.370,11","108.394,27","109.190,92","109.485,71","110.743,36","111.470,49","111.162,32","110.592,90",,,"33.763,00"
107,CELIO ANTONIO DA SILVEIRA,M,88,4,0,31,1,6,19/09/1959,"249.268,07","18.102,06","29.238,30","30.935,93","27.982,39","31.959,23","18.044,17","17.332,28","17.806,01","16.854,28","40.969,73","43,69",,"1.113.420,47","111.671,79","111.671,79","111.671,79","111.671,79","111.671,79","110.968,96","109.631,33","111.578,65","111.441,29","111.441,29",,,"33.763,00"
108,ANTONIO CEZAR CORREIA FREIRE,M,85,0,7,38,0,39,12/12/1973,"325.836,31","37.003,29","36.167,38","38.256,80","50.290,01","47.505,37","20.781,53","34.316,10","29.210,00","16.683,05","14.273,67","1.349,11",,"1.112.642,54","111.383,97","110.930,03","111.423,09","111.423,09","111.169,89","111.423,09","110.326,94","111.485,72","111.538,36","111.538,36",,,"33.763,00"
109,CHARLES FERNANDES SILVEIRA SANTANA,M,90,1,1,35,0,6,15/03/1965,"323.383,76","24.256,26","47.976,68","50.658,86","46.560,45","48.292,35","27.745,84","27.027,00","19.586,71","19.284,11","10.381,44","1.614,06",,"1.112.836,72","111.439,65","111.389,19","111.507,90","111.507,88","110.522,28","111.149,99","111.433,52","111.507,87","111.507,87","110.870,57",,,"33.763,00"
110,CHARLLES THOMACELLI EVANGELISTA,M,88,4,0,27,5,4,27/12/1984,"272.031,91","22.449,08","36.430,49","47.122,47","36.668,39","49.948,09","24.701,10","21.331,84","25.587,97","1.432,93","6.359,55","0,00",,"1.059.386,34","102.330,37","102.010,39","103.658,78","105.928,21","106.859,77","104.041,72","106.811,02","110.258,36","110.258,36","107.229,36",,,"33.763,00"
111,JOÃO FRANCISCO INÁCIO BRAZÃO,M,84,0,8,50,0,4,22/02/1962,"291.545,15","5.628,16","25.886,77","61.019,13","45.809,13","49.940,05","27.195,38","11.919,52","9.234,91","18.890,85","36.021,25","0,00",,"1.114.045,59","111.623,18","110.117,12","110.943,03","111.623,18","111.623,18","111.623,18","111.623,18","111.623,18","111.623,18","111.623,18",,,"33.763,00"
112,CHRISTINO AUREO DA SILVA,M,87,5,0,22,7,7,26/04/1962,"364.350,26","35.707,47","43.836,64","42.917,16","48.167,17","53.926,39","32.622,07","26.143,21","21.788,64","18.368,80","40.258,88","613,83",,"1.111.010,04","111.412,57","111.647,36","107.066,29","111.310,13","111.604,92","111.604,92","111.604,92","111.604,92","111.585,50","111.568,51",,,"33.763,00"
113,LUIZ ARMANDO SCHROEDER REIS,M,84,4,4,40,0,1,23/06/1957,"243.119,72","12.148,50","26.826,54","33.216,85","48.925,26","49.749,39","25.127,17","20.027,71","10.975,22","4.534,03","9.709,47","1.879,58",,"1.092.037,31","101.236,10","103.071,39","111.201,67","110.216,08","110.773,16","111.095,62","111.269,37","111.508,09","111.508,09","110.157,74",,,"33.763,00"
114,JOÃO CHRISÓSTOMO DE MOURA,M,89,0,3,68,0,35,23/06/1959,"368.241,44","43.569,56","50.409,86","41.654,50","41.798,47","49.488,53","35.493,95","36.213,06","25.552,93","16.022,94","27.543,32","494,32",,"1.064.563,22","107.323,44","106.208,72","102.467,86","107.196,50","98.159,34","108.000,77","107.946,98","108.363,78","109.587,98","109.307,85",,,"33.763,00"
115,MARCIO TADEU ANHAIA DE LEMOS,M,88,0,4,61,0,14,30/09/1965,"332.916,64","37.359,64","45.903,08","33.260,17","32.063,81","48.565,66","27.237,62","25.482,15","17.392,78","17.775,38","28.430,40","19.445,95",,"1.088.567,27","111.127,47","109.317,63","107.351,00","101.360,55","110.345,01","108.448,48","106.340,00","111.358,01","111.459,56","111.459,56",,,"33.763,00"
116,LUIS ANTONIO FRANCISCATTO COVATTI,M,89,0,3,33,1,12,25/07/1987,"354.596,62","39.901,49","64.904,76","45.888,49","45.547,51","61.494,69","34.354,07","35.673,58","7.646,43","612,00","17.873,82","699,78",,"1.087.781,16","110.922,09","111.617,12","107.422,09","109.771,87","110.840,89","108.844,64","97.398,86","110.212,41","110.288,12","110.463,07",,,"33.763,00"
117,CRISTIANO DUTRA VALE,M,80,12,0,25,5,3,10/04/1970,"339.850,13","20.452,98","49.639,93","30.338,48","43.108,68","49.829,99","38.126,87","26.721,78","30.470,89","32.141,42","18.563,85","455,26",,"1.053.658,38","110.040,22","103.847,89","110.040,22","105.919,51","103.859,15","98.892,22","97.650,62","104.977,00","107.755,43","110.676,12",,,"33.763,00"
118,JOSIAS MARIO DA VITORIA,M,89,0,3,0,0,0,02/06/1971,"344.528,51","39.721,75","61.373,19","36.361,78","48.373,97","37.143,23","27.515,03","30.632,01","27.567,15","23.415,71","10.098,49","2.326,20",,"1.103.849,80","109.916,03","109.232,89","110.340,24","110.968,15","110.968,15","110.968,15","111.559,84","110.395,01","111.192,57","108.308,77",,,"33.763,00"
119,FREDERICO DE CASTRO ESCALEIRA,M,83,0,9,24,0,57,24/03/1977,"310.970,98","31.170,62","36.914,75","42.269,93","38.087,59","42.514,00","33.769,22","28.862,16","24.728,50","11.486,99","20.931,45","235,77",,"1.106.826,40","111.212,41","111.201,53","110.944,53","108.641,77","111.313,96","110.772,89","111.313,96","110.891,90","111.313,96","109.219,49",,,"33.763,00"
120,LEONARDO RIBEIRO ALBUQUERQUE,M,91,0,1,27,1,2,14/06/1978,"319.714,69","42.371,40","36.053,31","44.978,86","51.992,40","41.703,89","36.956,95","29.525,44","11.128,25","9.478,35","15.240,77","285,07",,"1.047.250,04","99.981,22","100.959,57","99.231,78","108.961,58","104.982,41","110.759,92","111.287,34","105.356,57","102.212,41","103.517,24",,,"33.763,00"
121,JAZIEL PEREIRA DE SOUSA,M,69,3,20,12,1,26,03/05/1961,"332.318,98","53.231,07","44.873,85","55.545,89","35.428,27","35.377,77","36.517,71","20.837,34","20.773,89","21.505,53","8.227,66","0,00",,"1.115.897,66","111.279,95","111.565,34","111.653,51","111.653,51","111.653,51","111.477,80","111.653,51","111.653,51","111.653,51","111.653,51",,,"33.763,00"
122,DAGOBERTO NOGUEIRA FILHO,M,80,12,0,4,0,0,21/07/1955,"392.765,26","33.968,57","43.913,03","47.315,35","46.082,30","39.158,72","43.879,61","41.129,03","39.057,91","33.635,67","24.585,90","39,17",,"1.111.346,73","111.166,05","111.277,60","111.277,60","111.277,60","111.277,60","111.277,60","110.863,55","110.859,05","110.859,05","111.211,03",,,"33.763,00"
123,LUIZ ALBERTO OVANDO,M,86,5,1,70,0,12,25/09/1949,"353.911,42","40.038,05","41.231,34","52.947,39","46.480,82","47.335,38","30.870,88","29.474,27","27.038,62","21.752,29","13.797,33","2.945,05",,"973.451,59","96.640,72","96.640,72","97.315,81","97.550,62","97.550,62","97.550,62","97.550,62","97.550,62","97.550,62","97.550,62",,,"33.763,00"
124,ZACARIAS CALIL HAMU,M,82,10,0,85,8,27,05/11/1953,"227.743,53","25.614,66","32.870,88","33.504,56","32.975,66","32.600,29","18.394,14","17.770,75","7.364,25","5.479,94","20.331,91","836,49",,"806.210,41","83.672,50","77.891,18","81.413,26","83.956,98","83.956,98","83.754,79","77.891,18","77.891,18","77.891,18","77.891,18",,,"33.763,00"
125,ÉDIO VIEIRA LOPES,M,71,5,16,18,2,5,04/01/1952,"352.768,46","42.432,81","39.836,40","47.117,63","54.268,93","97.784,62","14.519,68","22.739,81","16.900,14","1.349,74","15.390,97","427,73",,"1.109.839,83","110.495,02","110.495,02","111.469,88","111.408,97","111.368,53","111.370,96","111.441,31","111.441,31","111.441,31","108.907,52",,,"33.763,00"
126,EDILAZIO GOMES DA SILVA JUNIOR,M,87,5,0,12,1,0,04/05/1981,"274.890,22","29.645,70","67.991,37","21.709,65","54.054,00","19.692,50","28.378,82","18.023,27","5.308,77","14.235,23","15.850,91","0,00",,"1.113.908,02","111.402,54","111.185,22","111.659,65","111.166,30","111.659,65","111.659,65","111.659,65","110.963,46","111.241,12","111.310,78",,,"33.763,00"
127,JOSE EDUARDO PEREIRA DA COSTA,M,83,9,0,10,6,9,16/02/1968,"333.478,23","37.602,77","29.483,97","45.130,56","42.628,52","64.988,16","22.063,45","21.894,85","13.694,30","16.136,05","37.509,90","2.345,70",,"1.112.028,74","111.313,96","111.313,96","111.421,78","111.429,22","111.429,22","111.429,22","111.429,22","110.376,50","111.374,63","110.511,03",,,"33.763,00"
128,EDUARDO HENRIQUE DA FONTE DE ALBUQUERQUE SILVA,M,84,3,5,2,1,40,17/10/1972,"329.401,10","34.083,35","42.566,48","45.258,71","48.013,04","46.806,07","25.355,86","21.639,01","25.533,18","16.566,48","23.578,92","0,00",,"1.055.312,52","110.448,12","108.787,76","97.120,73","102.047,21","105.204,32","111.471,69","102.622,24","103.739,73","108.433,33","105.437,39",,,"33.763,00"
129,ELI DIAS BORGES,M,81,0,11,6,0,11,01/09/1960,"389.429,95","31.188,98","46.066,46","51.592,15","46.239,19","48.724,20","43.313,71","41.770,08","35.826,39","32.575,57","10.263,37","1.869,85",,"1.104.364,78","111.130,49","111.392,69","111.205,19","108.796,48","110.064,23","111.248,28","109.041,83","110.416,27","110.246,84","110.822,48",,,"33.763,00"
130,EFRAIM DE ARAÚJO MORAIS FILHO,M,73,9,10,6,5,14,18/03/1979,"265.206,49","31.920,25","54.289,28","52.463,46","51.650,40","42.763,10","7.412,58","9.627,39","8.755,96","1,36","5.893,42","429,29",,"1.115.589,62","111.148,60","111.617,23","111.617,23","111.617,23","111.617,23","111.617,23","111.617,23","111.617,23","111.575,98","111.544,43",,,"33.763,00"
131,ELIAS VAZ DE ANDRADE,M,82,9,1,81,5,14,04/07/1966,"167.084,01","15.838,58","26.200,21","25.592,46","27.999,68","27.596,14","12.853,99","11.787,89","3.017,22","323,45","15.362,24","512,15",,"1.074.212,44","105.866,83","105.866,83","104.555,04","105.866,83","106.630,73","108.826,95","108.826,95","108.826,95","108.826,95","110.118,38",,,"33.763,00"
132,ADRIANO ELI CORRÊA,M,82,0,10,42,0,27,13/01/1976,"265.305,28","22.593,30","23.225,37","28.285,66","57.687,80","56.126,53","30.297,57","22.196,45","6.522,28","421,69","17.948,63","0,00",,"1.048.068,72","105.205,60","105.205,60","105.205,60","105.205,60","101.881,14","104.761,01","106.115,52","106.115,52","106.115,52","102.257,61",,,"33.763,00"
133,ELMAR JOSE VIEIRA NASCIMENTO,M,68,24,0,1,0,0,06/07/1970,"401.079,82","11.585,43","41.325,81","49.088,47","60.314,77","42.793,20","47.062,33","37.636,26","47.299,08","35.534,24","28.440,23","0,00",,"1.088.843,14","111.611,09","111.611,09","111.611,09","111.095,09","111.611,09","110.283,89","98.339,09","103.946,26","108.324,61","110.409,84",,,"33.763,00"
134,EDUARDO PEDROSA CURY,M,88,3,1,73,1,3,19/09/1963,"331.285,52","44.245,79","43.411,00","38.868,35","28.628,41","38.316,02","37.405,99","32.488,40","25.399,98","15.738,89","25.605,38","1.177,31",,"989.725,85","101.582,78","92.109,71","91.148,77","97.477,96","98.965,06","103.240,48","98.460,60","98.460,60","98.460,60","109.819,29",,,"33.763,00"
